TV,Radio,Newspaper,Sales
81.05000345806536,-2.141761958568214,39.04110779152227,6.779507747725928
55.66392724582169,12.669273811924702,13.858750918860604,8.755049128363655
79.22458339737827,-1.9802234914159236,32.848764588638836,7.542920904476711
60.723565197748805,56.9160508046149,81.78381917969216,16.317616082683944
251.7570728645236,49.188190313371976,34.75565393087888,22.98795676164001
-37.06724578235176,21.84086265490283,46.99640194793085,5.070680981654129
161.4349976059122,22.22845320649963,65.16752569139543,13.307158079686657
188.59754976059145,-18.065421979759872,56.639412678327794,7.8429077794163184
142.1296521053032,31.08241723154428,64.47487637291238,17.19790822500376
114.16965765892927,15.699570668619304,9.741924235890245,9.69000987647089
304.5810631163405,19.124914047436967,41.19952571065244,21.11991083802508
35.70380234573827,35.752426454918556,63.76563898946425,10.40834948611886
23.724121475938304,20.704114831696533,42.304369380300265,8.376434667479504
20.244688276707038,29.28995034786543,13.722506157496795,8.861045827191145
190.19059747134452,-4.727822383429906,43.774130799802464,10.32348227579963
106.25478080390918,11.551357260702066,-0.3242057142007866,9.796084987552451
192.5272596086774,36.17069652127919,22.499882089175667,18.831498746682403
163.6280318526412,58.87445726787797,108.47557393369428,21.572556279319368
-11.327299437447422,14.658423343355834,3.1864423810663496,4.973251128102971
122.85499615423603,45.52999672017516,17.493460138860208,17.633910222627364
125.89367567004642,58.953989710317586,7.62504664348134,20.32287158659906
94.81222734772201,56.483283568020916,7.445342544686852,17.683963727198304
23.8390018254932,25.34800731875238,61.89267369583034,10.268193642888377
48.548151906734944,41.78768161652059,46.26059695285413,12.226515210544905
161.28550645843157,29.8701740179982,74.37257271676557,16.80962551830876
89.62722572193701,52.556206322250475,6.546172639820298,15.663693900781507
61.290359594155646,0.6959905436569862,48.77418110604744,5.876360122504383
182.87261117323794,34.18793995334761,28.400358977575713,17.05314181824247
218.93896373291065,13.92715989418016,75.71472189785884,16.077623311834262
255.27200440397007,21.967781085742793,58.76559922877356,18.265443464746834
-11.483491035550855,16.17148989150913,22.97955232804942,5.172600811150289
123.60636258720231,4.884534477799988,47.530077316524675,8.330300687168107
155.8103121784542,31.774404449311636,-6.7925497137117645,15.477069847546977
49.341505059701774,58.547697267898286,38.20335695047355,16.424528680821272
-7.812322771311017,1.0636789868319454,16.515731809964592,3.3651689004184333
103.64545544938753,15.74672975751604,50.94837058853312,10.158243959886049
120.95764825701384,44.24456785224858,50.60393199684207,15.817787460455737
23.678524532796317,-23.52153700283304,18.044394811401435,-0.9704647175789205
112.28836818221654,50.04355977220298,36.19607808454207,17.487434140732233
-26.217851016220777,77.33902486903204,85.08511308318757,15.97987187945869
83.55006216478711,92.44723380439929,66.48123524709494,23.45752233668506
61.16038814124121,32.84183398277696,42.495791746122194,12.29998641230946
151.80422994439024,30.709991325186078,-5.061443775370279,14.39719536128902
284.90897373091786,35.91034552113572,37.966232374924985,22.745588646120247
69.81177480024152,29.74005837274063,53.688685342182225,11.654306608469316
153.3316140479893,23.839292247821657,27.681817365397357,13.357113615357338
-38.401883985849224,28.956220151912863,56.39515916309696,6.019523326422016
231.9383839013978,27.603182874367885,16.651292952776092,19.744843151324325
51.92755800107474,40.84929926007793,29.73415593518559,14.659173975274928
95.79370028024692,23.103469344114554,43.25234515857619,10.541457983314183
-49.291805581894096,62.02106567520342,67.66962975996202,12.304434828604414
201.47203063707062,16.84590688963222,57.432542337418255,13.7785112718989
120.82620109372844,26.707288090094025,36.430729142295306,14.358145120735887
82.15514236512858,25.01672023517927,7.096918479743579,11.790374198263573
47.35391714967196,7.870866804564237,55.326324294643086,6.51904796859796
226.90895258734196,40.28046920319617,30.626377857280758,20.801173603608746
55.70502056105034,55.091535188061776,92.66235672732785,15.211615470124146
108.17414741705608,59.648243696137826,38.3173176367192,19.71399186369119
-13.675818768515029,28.871242009094345,1.181276092448769,6.016221380169437
105.07892599343175,12.824640834127031,48.063469516754246,10.47011121723526
214.4295530556107,30.696111966421473,-12.882472475139444,17.759878115283843
75.4968202006699,22.26193589770035,85.41453065264109,10.798485996975554
167.54620499008092,-2.1355456437401727,75.71352584561524,9.895776289291815
125.14737647545245,21.381631260437434,46.43954648437612,11.805438088920926
64.96963105668101,-12.25299558747287,58.597370347589866,4.612765105788338
42.30628105445982,2.860009652986516,40.83269200149387,7.283647116845637
-48.0791948508155,36.86067436306526,9.641398796996853,8.797991409223911
123.47891700274437,35.25344005137504,66.60112686436025,15.440190642359317
50.097219685180775,50.13560620607097,20.91035565390137,14.511075366359172
66.5741338600831,33.07158210435429,76.04592286557818,11.724888193851289
108.32645079779353,45.237049939740814,92.01739911086554,18.334664935889084
-44.573880047646185,49.391654265152496,29.727502047474943,10.526251381041293
146.14299733267632,13.586598843029575,87.56040085926136,11.573272240224481
181.56175395244992,29.278082915915714,53.14206749158949,16.285586368529913
35.14682809867193,40.06106917295541,-1.9194042947259433,13.49616488994897
78.8895341616747,65.7649120011706,102.43558537139086,17.98339776869546
61.25676219204344,25.860504177357058,106.54256443692194,9.84881348250488
80.87265754553623,22.869647705690376,94.70225252647049,10.501273317767392
70.26948044765516,-1.226689686821338,48.60067494956839,5.35721570857736
163.44905511711352,24.38303800473405,47.537859669486174,14.30801490105161
119.91614728060841,48.042153983414856,13.36190106171145,16.758511836202715
100.85214822781654,-1.0151385035079556,54.80037382097352,9.795565313487264
177.4121024433141,30.04265589933784,50.01373836821645,18.165715669051245
106.19040796325967,16.93033202456524,59.25815561283508,11.072100476417987
113.75627687733389,37.69422658168154,68.65901035513187,16.969521492999235
116.99909743430214,16.711867173715305,39.940653637383406,13.14842423232644
188.5277896146831,8.113134744738677,20.68358868727781,11.699966392309655
2.5181424198136,27.25922706606843,15.437178558575564,8.191834462719221
253.88303329480027,25.76570178573392,42.05822848576344,20.88663310855813
23.130214899339904,5.850502789551271,57.234171754707674,4.654810856462872
125.05215235523352,27.45333815045203,61.86357508598576,15.455110069736431
87.38739916372265,43.562093097137065,41.078895109271194,15.350758439539344
151.965541027946,43.74645814223017,23.991942154881958,17.69824049307814
56.427829159204755,37.87326653000281,19.344547515594254,12.94897514976773
110.97191740072108,44.17824334830739,54.89228809348203,15.53724115719077
148.05499070400597,16.535270198810295,48.39296717932956,12.045530612257108
162.1998496834894,13.430457414445259,-8.967202768442718,10.986370151775873
96.94080492081896,22.814338259425902,17.191325899656846,11.494887866599955
128.86822469515033,40.12849930872561,28.917873141647142,14.902466203186183
-64.8075634257545,56.26531442095761,61.27917414225683,10.162558995046918
115.65237304090634,44.32200261222462,46.05349542194799,16.16268650985765
97.9476992362226,21.105603062822475,-2.9313322319409494,11.39813266942617
-60.08288718013873,45.42898104071807,7.24121687577032,9.247049634867828
87.31321094266045,12.887283002613044,64.50288007072723,11.428382778694253
10.813399022950321,24.315308538646352,46.70009871622653,9.903613910829268
145.7898347615793,19.137877636633707,17.889409999649494,13.125532915252954
138.4941168225751,52.356547915436735,45.00201683385837,20.27753318764539
84.47153853805276,46.60173334571595,72.69215426709617,15.963580587620195
-52.80476211037316,15.541497082542433,60.88899878385937,1.4505648761407424
22.702034371546347,59.0221748754531,75.96841644074846,14.23430591842844
205.52513271287125,42.75900212685434,42.58393742214007,20.044436257229616
69.49538892273996,25.03221141592003,50.240212461508065,10.939643814054978
49.93467313028527,23.894666797950123,44.10336785729108,10.462464750323202
212.30200634483006,47.91016986312627,46.085212425854714,21.150671262637427
244.29286106227707,46.78742367180589,14.970781534828362,23.07829783304407
65.05855117889546,73.4817033793833,42.164829458184194,19.727295274008284
-35.96074426132958,5.511562627310791,40.91619827575761,2.995148081564813
-45.001570876871625,-3.2537421609577954,41.431245896266866,-0.08536985876527581
208.11893155800038,52.29879681213856,-10.474178257498103,22.12752719666907
-5.806568716254887,31.644147242649627,49.78454084941139,7.673658814692214
135.25869878668925,44.85059803067319,2.1127800996592185,15.402723795571143
100.73473710134228,50.18199973822047,7.8643433649841015,16.757364133880653
38.14649256898511,79.582988715319,51.597998462350766,20.279768455639534
87.22780067603115,45.17279643564808,36.343481043567195,16.49576908954435
-15.706164346179747,21.729632234692616,32.99360523076079,6.684360558937856
-37.92139134366283,42.39891223231002,6.593269212984929,9.71917008836742
288.7719811805148,21.52977620895295,53.09880578995586,18.466654025068294
139.08110960888638,11.077150899736946,-16.999542074617274,12.632916758963981
78.53219705018934,14.710011749359714,30.27577032618537,9.527198249750786
37.90334062562927,20.9540950464584,45.263003209468515,8.34041442137355
23.592327642594213,17.782645532520483,48.432159178102566,8.561384644626523
168.29955839562942,18.40846749707167,42.50493981069645,14.112203587666288
107.0437502436443,21.143519027970434,93.15069492801427,12.837499150569439
-108.19758245867496,49.392482492359264,49.254053144916135,7.195883069673815
211.96666063790565,40.717552437667635,96.84101184387677,21.974782111170512
163.3845050711335,23.750263199278628,93.79953279983118,14.47079012935207
239.25375430708326,23.86837100196917,44.518574357410685,17.123075754466967
41.95714311894454,50.570395145329115,72.76326682551226,12.428581562274399
-29.617907541320562,26.576676976577883,69.11999851043025,7.425710085329813
90.0243701521164,38.14139652682229,23.563623777590017,14.326240528419609
107.09458216458643,19.95536658299711,36.61445529316032,11.76257682011732
105.37209605466848,56.96684523245324,61.52473759328295,19.532806438136973
232.9221262484821,4.539174145334151,89.39659379771105,15.479187825899004
38.223301359161226,17.33748634563952,74.21324637393317,9.241142668407853
-31.533379652363976,26.172830493636006,16.202921592415514,7.575328925798386
87.20196458844279,22.86661738618346,37.896830521263205,8.964423288456087
61.784058346226,20.771824742308887,74.13740097538378,10.384809142509363
56.87108798459757,23.061056542944172,89.3837204534457,10.433424717017918
37.40366679631411,8.399466958633546,22.41822116126426,7.118444441229509
45.054512243343325,39.63551838629187,54.57323021752546,12.327169147307336
73.9952776591415,2.593975934377582,73.5284727244031,7.400574541181223
78.27661541484952,16.459780337210844,42.46093648721534,11.384054725631191
93.94081905361313,6.034807215146582,54.07902128208883,8.475369348533215
86.83990796770868,-6.843294850404124,48.03998561659769,6.786689912512586
-34.03909184194754,37.07829367973161,47.25002797925323,6.909440516200059
152.77083812407642,24.421878461324578,20.305531356886764,14.53791115980611
115.91254318576995,51.504885374744376,3.8342954845561366,16.901282618517506
26.25968319371738,25.05389097614635,43.20841220505882,9.458682835899832
133.53525887544907,28.771958705709544,47.136507740838354,15.127767264855388
-28.434212799480576,-11.847913662350503,17.216872901463322,-0.09555098086854708
-43.20325634399205,10.003068551166006,28.129575749382866,2.861394636374135
120.2821611758551,12.12332697214499,56.44247825677731,11.143380036510036
-58.269821851686885,27.159674672089576,0.04947276016020652,5.960850119253168
159.68370206661794,38.94887432124644,84.43477583128144,16.376851040175456
156.9083161694896,20.726549561540075,79.57381822203918,14.282166218563328
10.4151062256731,31.166485358636464,45.95032940690112,8.792241681608289
130.01660518912405,13.838599217644227,17.141495531870284,10.515700920971247
7.23728470081177,-3.6777432169810638,47.78435668336881,3.8271156583906123
150.38662518650858,39.554652896424855,79.50123486298102,16.418316870542746
34.68534389971353,32.68609166131572,66.67173561900773,12.619461496175806
20.58540452809828,30.347729248785708,56.01113988467227,10.340753790000111
200.01519381111515,51.035029216446816,80.18751386834928,21.5121949039691
48.05248066568219,46.30392199268728,83.02145701981632,14.812703433361872
36.0926089633913,26.328542891333107,48.13890318380768,10.594819839586759
146.6295876601745,19.77662998300997,74.56319264975895,13.15979473343156
41.23101611067125,39.827864518418316,106.45917908956304,13.659179812052663
75.46062235630191,34.39599915955344,25.532294955399493,14.43759298394426
85.72647685872896,15.828252706135606,64.17303961898754,9.313928719453292
176.3340508795975,27.80887346867869,11.393871331422655,16.83536046650257
179.31775994533928,44.545970462794166,17.672165567636817,18.898801738519264
114.68167261966909,21.82541892314697,49.42029688149994,13.807488094628923
179.59125490109022,1.107648247334609,19.64911523442548,11.269784434418513
134.10343423860712,25.425812857801226,66.78926127233085,14.531323259334542
38.46870266272659,57.48873329634273,13.423276377068262,17.17623431242971
141.03839459856945,69.72853675359738,62.090945768860074,21.808651354957966
150.77724231008392,19.012316529037626,105.5569345204558,12.863506716835305
229.3257439135416,43.765071516286554,39.01620081087027,23.118717035532626
145.63076644234062,26.45602311936075,46.45751436208481,15.410059383285446
114.64321451845483,30.7904281919598,124.04506056718708,15.918514596996495
73.28531220200222,-1.3684261262011042,70.40660905685651,7.120126583367526
169.73525400096284,-1.0210976900428008,31.999555642565603,11.88393105463948
116.57128720557074,32.30605088954275,90.71324461424172,14.444137236713608
160.98542610174377,48.991340877668655,18.466670505221998,19.689690970720726
113.26865041742253,32.738482103640884,73.30053608357811,15.729639092809174
208.86181548405085,-2.7506119761019434,35.00265660382129,13.265290194971897
11.624188211619995,45.77665766010527,-2.1933425513717424,12.951949324041816
197.904951438551,10.340956901090802,9.2316700672502,12.179567044043536
180.90678112212015,34.94628906528777,56.33519855983065,17.895949335620568
213.57331668855812,52.568049074848716,35.6129065530281,22.886410549537324
13.178500194666881,34.345291063407075,66.28489233557971,9.288341348472485
263.04993407601074,17.07334700556398,10.60944719110178,18.37700877347644
134.7452879635072,23.852507415392466,33.58912051857876,11.453469886443493
96.8789165759144,18.694963271810032,34.16548120121373,12.653531857182893
44.61084496008853,16.235990100826584,20.018427029219865,6.966198659239723
186.91471234263065,-5.04979163311658,49.785326148922195,10.0031733633508
3.806787954019171,24.78199845694539,68.73971631734223,6.709044031298259
99.65048663237194,18.524928295607886,16.6609374809744,11.46137189079047
82.57635312806732,30.63387630903753,96.41996923115737,14.581316516212311
106.41153188392705,36.92356320263314,71.80774433449827,15.152419905130877
129.31106749714678,23.492968199603823,33.329169077888565,14.048951025011558
51.098780126594924,31.646563665929108,51.30448697459803,11.056617591855328
-97.10362836507187,32.07257775700671,17.269530569176805,5.119713311269914
-45.273964155849995,19.469988484362602,54.05366111843561,4.852056703171602
130.52012976277163,13.937490551662089,35.69503445184564,11.89132207630456
92.16520998424451,32.620682409488246,-28.91642230867589,13.194576655422381
183.5081778052416,30.52564581941377,65.55222442668608,16.27662130335031
89.23352174784172,25.580920138581998,95.41842713816946,10.998840852635418
-23.894484193305843,44.536512364197606,31.121209856019462,11.046143128279919
135.2662810070692,1.8419820965603897,23.692832616022592,9.390644549574741
159.174677572314,27.5052870190068,53.90480049580888,14.984452818018816
94.02338243558924,16.840195846844296,42.04208533301068,10.371350327107717
137.7598878151519,8.98270876597839,26.24412152115433,12.687889775417304
202.46729383444548,1.6517054348149856,29.98781979740445,11.439216087597615
88.83408364820403,43.445723930287805,33.582790514736644,16.46124481446948
96.16170837035297,50.04620529193379,39.428793562029725,15.606834822730235
249.72293958328564,18.92023282751079,46.906880525539954,16.964467283347762
245.02840308041374,1.0917019864594337,31.355222300695637,13.96492033190074
-14.066203513967451,49.06132943741984,68.78726974728878,13.355532741808304
176.40252261832978,11.01979282379234,15.657925679804336,13.78584393607926
111.6709628063259,8.517439905902215,35.28862968052593,10.057630420690781
139.37730920799444,26.723432599707973,70.5766779777804,14.584501442436792
196.82225315304845,41.06951173087482,28.780511657988384,19.928472927164346
20.497660880365302,43.522601150134946,60.67793395059997,11.802748003785018
202.96888380180323,10.30413796520589,35.07402207374721,13.256370123609972
44.75981423017179,29.307778914792387,8.989440405809773,12.193443893556754
3.6654304415928323,13.262191116080796,40.34292208375133,5.738154810886984
94.88798537083636,39.171418884099516,35.185632214981176,14.242275719979162
93.08597184614175,28.18749506152855,18.302132725785114,12.348918563105126
171.59209889969733,46.097380345535754,86.70086956027009,17.963100602249934
-36.03057299719839,44.82632733941149,47.389133017032655,9.958000048518768
115.72088350572241,2.9145530349017186,39.96583291159919,9.096524143995463
124.5432773117711,22.063171634453713,65.29374752430874,11.535605766821872
68.6382141847566,19.602817764942973,51.279819055607,9.213818565924566
-38.83514896234138,27.165660548629806,74.5522669301663,6.786629017894747
135.0232085591603,27.26891744931829,93.4311363723208,14.153102945151543
200.46263314576794,50.212996201883215,47.213173674151136,21.43052384186498
27.690376673934864,4.1334543930698935,41.43065828271573,6.699503220611312
177.871695044362,25.175462668359263,76.97618126913254,16.199744634285555
114.20214547074993,14.99522614788303,16.024153447574015,10.828429424195571
100.84223231662293,46.91204437054891,26.09840178994252,18.966099708571946
70.52658119968318,28.186963548143115,43.67634423805367,10.83825422910424
83.1682965808899,20.008852094344356,52.91764388871303,12.404089472440404
257.3434879620069,13.382327926611781,54.88168350371237,17.92479592417026
76.35233035732405,21.45991170803346,26.684720099425714,12.03121317793719
118.4598775586244,61.904615275941254,23.29164397613726,19.755125637729662
-3.4183401158834954,17.299259231085,22.617917164592146,6.020364339841236
81.59574535532025,9.597939659892436,73.9437248241644,10.95428594706475
225.13505256146334,-30.841542224149027,110.67008959621208,7.709570907667805
318.68365473955316,53.83173272549884,4.661671774099865,27.591842502209197
179.59880306540265,42.78595743919519,63.922996754392784,20.226673058811794
210.69308019724411,34.97342887525823,32.6218763596032,17.882986974065396
74.71463399517886,19.88468225722847,40.5767357531436,9.715944986619764
89.83200499811284,25.150867483457283,37.875669631662234,9.88129121701682
48.30162939238584,40.17643177242899,26.132173040209505,12.538939240977736
-122.34577522097544,10.033982429504182,67.82947333941861,-1.8177878104447214
147.63469149095798,46.28768459228934,68.68628432181053,19.18548375366693
119.79902204704122,24.122235193081178,75.69728349804348,13.456140579561215
-9.68502885596287,47.061109516754684,25.536774450053613,12.744656854611623
57.711493912073834,18.526548881421707,27.687253143344506,9.382374524442683
144.5503354070296,21.75758966337363,70.81417101835595,13.397161837645617
151.78581475332106,18.151547976322274,58.04825914786725,14.936829468572416
60.187062156042494,1.926379911112047,74.80545975263568,6.161190409608393
109.9618152459635,21.30251226364463,57.69768667495045,12.389741681809502
162.92653612442302,34.10713352120346,39.09159776334546,15.195170469242457
135.85569700301994,26.7633295928554,72.11892836249143,14.305607351770945
74.18427814744184,25.697290644093055,22.598655755078493,12.891318286154075
36.67082878348539,10.784869152040045,39.47316242178865,5.9556243182934185
230.95985032382688,14.524307506481534,70.94603843130625,15.832534089052887
123.28799338501956,43.35410217781719,-14.656861646774765,16.24072269398498
41.12590700211319,30.370000016561523,52.63538420047163,11.420233473917893
181.80314976817593,23.209407609285122,78.8347572610688,13.433017226301118
288.9757683201368,23.038411715867806,25.83085575328654,20.09762208305689
119.45255694662664,41.47790914698678,56.72538002988714,17.071627659898233
173.79569246776106,27.587502677163346,24.518213263834483,17.30936598087782
139.38632761869843,11.809715721418005,16.758876468635673,12.438029920953348
196.89493732345625,-0.5473945485689597,30.040091455539567,12.621848796282777
47.727958977028095,62.15158647580803,67.44259583418767,15.674214589163888
115.28454343168255,29.890381265872165,41.24785257037226,15.370192501781087
268.44561745375705,29.572545347883043,80.04348506274867,20.091824556881825
63.94078654783093,31.544021050021335,32.55724185181937,12.61233584748193
231.96923509238079,67.56336626069964,-5.351120349297453,23.777372911325415
142.24645728116553,34.91413986193635,50.94133233710198,17.29576336953633
83.4950549942879,17.653555777351798,20.173942552596568,9.600173874761605
331.43864021553634,3.317785529937595,68.07121311085587,16.506888777730826
68.81096180940025,55.779963785745664,35.162390516676744,17.1859558647441
145.0964780375191,16.53689009560995,-6.050095294844581,13.374140037389326
243.62572434468154,26.3102158174975,55.3702192238183,20.728978752431637
235.55026583845273,16.926229973235735,44.05187963705257,16.31889242676784
288.02078235278356,-9.59055617183537,38.42271495473052,13.441181581601976
-62.05874433831258,26.110243300557837,22.0726711179982,4.846765678505328
122.67197017252192,12.6877234053599,49.37647953210963,10.492323828848747
214.0329151437582,7.645035863992838,78.14500415540871,13.271366457504595
94.18179583719044,34.87820208819455,45.27268414824159,12.47436396585447
92.17263082771564,8.66009544010231,62.694856378499,7.77697225682173
190.90331590372853,8.84661512269776,22.226495285971108,13.850579247395071
157.67049372998858,25.488057925682508,27.082746942101632,14.967536429968963
243.3987971156035,26.066145219399587,41.91474136415008,19.07828350960196
143.50949086629825,61.523007661857264,27.239691470760192,21.772258773930464
90.57038082369593,31.452888877380055,62.09090674194752,11.764189768544252
104.62177866879583,9.46872262034617,55.83855677470853,9.43124664433053
156.17752831684868,35.29195683294961,27.610832506129668,15.561322263838699
82.82893670216758,13.871188846383049,48.254278852874286,10.246485070547681
116.79926811929596,75.81890233782721,-1.8409527289392358,23.36225132097705
-105.56773345121175,31.21451169966805,36.20141635731851,3.894663496131887
161.80491104776004,38.8522092146482,23.881157899005593,18.53775981686873
68.76504411966968,21.36958303280288,13.0351032826702,10.578842227302086
2.584122357400986,31.234989571258044,24.323840927513775,9.075047064631473
13.082236516348388,50.51379770743428,-13.893114818566119,13.740151518932109
143.9056834894947,34.2264643306328,76.85418941918428,15.25812431506539
72.54625527773922,-12.045977636900606,36.37247677528591,3.58071580612613
216.5833254026929,12.862920710957367,4.218465885286179,13.133975837435846
17.968164138525196,44.57608530640374,62.07989523811187,13.098787567813975
68.55456872730656,27.195614022669588,-6.762838570498495,12.33542304292002
201.51123589753388,7.762844486560443,71.11512120784423,13.043910420983616
33.57521404767594,37.66784480332651,34.45276132214552,11.575956504682138
-16.601812080295076,-2.811231585968958,19.97212689542863,1.752843329741665
44.926939217514466,27.821964657375503,58.823506847453245,11.507647202133361
48.76128338494008,17.885316690191225,60.08057397858281,8.581952624841609
-31.0528352423336,33.10562787497228,73.57534362228753,7.423658308426745
77.48699421678475,-1.0395429322081604,32.180178104474315,6.548597995696519
52.86518331632419,30.0395325472584,-5.769764218034389,11.194836002941646
57.544161877521326,36.51949432607053,66.29408432996988,12.880658755502
-5.4478851404743835,23.68223218657175,35.65074840674949,6.170735624002823
119.39908655880002,47.992330635858806,40.5386953261829,18.514559846678644
27.23534465345699,54.66786288944755,53.622479141497614,13.941603063558716
144.2732159995984,35.75456810326611,11.557893298277037,15.471782779040488
100.18097561536085,0.8236573557910525,81.6297751778618,8.689658676476675
43.059677524036985,19.664389335392507,12.972768712519311,7.536828014538763
42.01402551794484,45.97049622852195,53.68389891953158,13.28192653990615
-17.351284096798224,27.073240592069084,67.10986654254809,6.491955911536454
113.35188519394528,30.638804607704465,27.261022248451773,14.096079032006287
134.77986245361564,33.92851059166294,31.547155713472037,17.029447172168986
232.30592386728821,0.2861921241130503,63.039794848074564,11.236710818866364
33.216034738637774,40.29468473237431,15.591008662212218,11.858367431055573
-26.629667311901756,56.47201354301223,26.652435789855314,12.796370695784086
165.6611425684163,10.578371045890414,76.43543322131484,13.498756613032223
66.42742583695674,25.21828103542282,29.379243769728273,8.956797195737906
161.57329654596893,0.7662769492224619,51.48653703761159,10.709364941627436
132.52555940790552,24.822979624931328,10.12444443512684,12.066392957395415
137.78464464128243,-3.2622525542301837,42.48115123692921,9.50056711843014
122.85085317804736,14.320578081361008,12.299917887817244,10.783684296435906
258.3437897176257,17.45491887982798,69.83340805619486,18.441591647159512
-86.2983783552028,28.839982708215754,10.451244603642486,4.382389734472939
184.60019938775503,8.84086019504862,21.884040795694105,13.989710502922698
198.22012539860893,15.376453063520293,19.990960595297693,16.440339710653696
271.40256843156453,36.88031797064218,58.29992018966354,21.5257241535785
57.92375442424137,56.638259485774824,26.232677961495472,17.368602419581826
166.25024149594304,29.462799972893023,64.93352432615477,15.199851967502841
165.15754193007132,29.83933611351167,12.524788969520767,16.918122240671885
35.91035874492154,-1.9359131780565662,14.468575974389651,3.905232820033352
184.147724806476,23.19760220303692,116.39083027413233,15.533519616949098
-2.413887374087608,26.98866378707662,94.75972698439277,9.012204779319479
189.32215099979777,14.005465734861621,5.305605002581409,15.74194354384789
36.5753059517409,14.083675645568988,22.314431489422812,9.391204699043808
59.03217010524823,29.713638479996337,34.909093612694015,10.922859396090459
15.847786069460383,18.0523586720574,56.09556972081808,7.351689853230827
24.300327142358,-0.44670485053585907,36.09303127643444,6.1891589593356136
75.45119658747976,23.849698815358124,49.65906694905968,11.301301382417725
350.19727840283963,28.723040894392724,21.086179879102392,23.555069083514695
103.70109761167417,55.3155653590118,69.91637047996136,19.18688215831414
137.9287532979718,29.603903844193084,3.2884507081858203,15.503846755758701
182.9951419116196,54.10347435536906,81.03300587382284,22.399289397425537
-99.34853762401028,44.59034801801888,15.346516940908604,7.384359334208844
231.6291302333361,17.807403566350086,46.0540570272079,16.098815404342275
401.2591310301566,31.74755683498557,25.676420972269735,27.21794944554704
71.44072214358573,54.1436588510261,65.7901292149484,16.9571240143829
60.03673393656247,18.788154552156392,60.9595655074384,8.331133367531471
343.92052366886736,29.53233495796878,92.23115072777199,25.13538947703802
65.58658899220781,15.619773046143655,72.85954936318353,7.00652524883426
180.57185732049177,12.180672012005969,59.386940695804455,12.936752192151287
250.51368954804198,37.58247078976201,107.6029343539845,20.752515614369152
186.99927353680073,17.804785586752836,74.26885854443172,15.349660999917035
117.16986906099895,23.04432576996757,66.99215134053141,12.274201800162771
220.84743704657225,3.3829033119410568,27.9303470434402,14.13251271756534
64.6160262913038,34.172044230136116,80.5454463938762,10.87613848931562
-22.11192768218048,-4.486363609090571,42.39584081989867,1.369287048884972
43.705459183747394,44.06919820414472,70.59214271465561,13.901224041304989
154.29248440680092,28.049166820847812,41.4392047143186,15.552006007609943
67.05311970455988,-0.5330365814092595,24.671311565962004,6.411701786961315
-5.444135458593209,18.0401122508779,28.255411062458208,6.046760214620857
160.4260107438879,29.365875354782037,69.94922929325611,15.09071952005604
90.16336406820072,12.008963816412717,-12.319837680825323,8.958035444637899
226.44982708819867,32.24477992006412,52.66490014688628,19.69363015063118
182.4924009819119,64.77650900864118,52.843196123114325,22.88283366547867
46.10891032361658,49.89795566802101,4.0991032301791535,14.876429677843072
271.72230198514853,21.8162342933236,24.428202490112643,20.501204886043702
114.3816770525781,34.64263175891729,78.30580085070193,13.18081719681808
37.170350914773834,39.15864057147452,22.94341583382785,10.735017293460206
312.9654363433843,-4.860405223783314,19.61678784955237,16.715690588166307
195.63366776821886,44.86183277094618,42.38515472323766,20.670985936870625
-29.85880592442811,45.41898548934383,34.76648947624618,10.676075205778556
204.80865954805802,5.885798831486003,82.9060355153361,13.13360017049629
208.43118035992256,17.613631187500886,27.205167129424677,17.18013157976204
45.56963898859157,20.182692419601846,23.77689932597951,8.927931066832855
18.35215974761367,19.443463196794866,44.17629234483566,8.036758277151083
175.64516285029742,32.46837286660544,60.81392520910711,19.532852752722636
90.68247964022726,6.416927778831031,45.03537044488219,7.310126637067346
167.07235217901405,36.88487110320416,34.57786143870117,16.765348874370122
17.07805305329437,36.63003983008933,28.939265284749517,10.648832342805507
208.18598507380608,47.78640936563863,56.6964930687111,20.51568329073408
66.3517515627557,16.200123279859746,62.89623367388871,9.506298931670909
179.0041090120357,4.2133976285623405,43.30593815034343,12.077228144571155
275.46047084155043,14.80902235617621,52.99340930220982,17.831770758062227
-55.17518411106292,19.77172102572127,76.30898291639025,4.233612979566339
54.29573761787343,34.77333549027642,2.8102522721326153,13.95272260944025
229.36757940022525,28.216607197775957,43.35480581406403,19.63506173036948
93.95204244635252,23.815275075477164,45.46872447446772,10.744395075970875
172.20870556137908,35.56590065929765,45.923655536646415,16.44838258801264
143.18722787701472,25.570382458192338,26.67622668111372,13.540646240470618
3.1445582948661155,52.42037250893456,17.98475318422019,11.889141748292642
97.07953805686392,38.85692421652221,86.06962965968886,13.889595932249726
15.925994722193195,24.178605348702156,53.787154592080306,7.902372296305911
91.24467015446744,33.02015535532655,33.0344547564516,13.535719146362178
110.10340673535359,28.552033595017225,68.18499245791749,11.862444865064106
161.70894910652942,17.706279812494458,19.246752427241628,15.006102730343525
-10.822642683136664,20.402435078941572,35.290919907483115,7.738688889781451
-4.495466997931047,12.228501450600694,72.03743021427732,4.681932206104436
46.527439457627736,29.096937839393608,4.224462053303192,10.819899366683618
-12.52424205115615,16.21325211260283,25.57478456109753,4.781619399958355
113.56429036636668,44.11651180970422,81.08776660645592,17.841980052620926
113.63026930228195,24.791863839970187,9.385859941058072,12.819138206719545
147.65646225463107,17.61852815457578,16.838654094760983,12.894361446676392
246.85051080422454,19.89584941654381,41.342009725006186,17.418879129867953
189.83456258184088,21.21026828935792,24.379518514379782,15.52980486389675
104.62270785925935,-11.240475751680965,40.628000247786545,5.230832450741678
-2.8483071450225026,33.66474219835646,40.82596310182752,8.11959411913823
71.82265989692269,32.44271427467049,29.287427725610236,13.471961371437365
23.876617214905565,40.49353703735949,80.78812324294253,13.694337381888188
6.776033992748097,42.760383309634314,98.90093434038721,11.178726722505703
103.32894236249409,2.7668266720069106,72.05775348964302,9.326450830849549
58.33858339530282,39.65517149176334,38.70617995492137,11.726416152578409
221.60011832337815,22.211687233680152,66.34154161590806,18.40480927066765
243.89572020838256,32.242144321056145,76.8068411856112,20.242151945702076
224.88216852426368,32.08986098747631,4.3299599262514405,19.449886630936547
229.9328422617541,57.22077164296549,35.61564062130801,22.486816302539133
12.331248332290215,40.22650144444929,58.51830940771009,12.583838230221534
228.400815649827,30.25051899175317,83.95513281971685,18.815438455786904
73.88525246717502,-4.429538239008085,42.96236942277359,6.780843060291138
195.13441592310255,18.299669994665418,73.47545069401174,16.663320024026635
17.746224808411128,7.47528789662368,32.20516224495264,3.337999320320041
263.8971293140187,39.759290562130346,62.70286927016298,22.8999610777196
72.61396641827929,29.795138109844956,32.79679488378898,11.88005888397441
-53.72964033403096,35.366665748183365,33.70119538057209,5.296351555297682
86.07372731390561,39.74874681297132,32.20351509090024,14.167262176864373
43.78374236836874,-2.449138136656135,59.68304662355215,6.849364222269749
283.8683817777171,-6.477418950853295,32.11984078447854,13.98225022978423
59.44630982389938,12.63043150669043,35.022480068943835,7.446467536521361
59.681180123684385,25.223744969353373,59.03381749614871,11.584089330483597
-50.82337870063492,36.542169402496384,45.94191188993203,9.452351307053833
-64.34885822383896,31.710583667978103,73.83193355523055,7.355346456691243
102.41371540154604,39.70860090319619,25.463199846540896,14.671807034755322
112.28013091071946,19.484971975011963,73.16145236999762,12.05640900454822
101.89331696442898,24.606815924769535,49.026498395264724,12.378418607173176
55.93145146079673,23.758902077435163,12.25779791082525,10.070026711542361
-10.836939721754092,-5.627452000667535,42.10524321009788,3.324728239329839
285.82970867790334,17.164774139080343,69.22723455468528,19.268003790831134
293.3048740093533,41.24684259104947,27.000940159079978,23.90354915406407
135.1082353589017,1.192470306663644,55.331299892527554,10.835627406426703
22.141517621627173,9.98895626736375,44.60961941544921,5.365361350864738
146.03128146708713,19.383822555362556,30.47822835303649,12.423878012561747
49.00459249713965,29.681802832648483,51.41615213364596,11.005313229988083
-54.67950174546982,19.689446880437693,87.53899184350021,3.6436699936897314
-148.79769401888623,41.82027784228711,48.334155451696816,5.236987955847505
18.068817803657012,21.25815952837349,16.005007661301878,7.965097427725097
73.09062383300457,44.24887081388988,74.64943359516944,14.333240937874105
109.80916617864045,25.63028310413245,66.13799595886725,12.356444922619694
164.9997302180326,16.738061394184264,44.92944342050443,15.837849366441706
-18.467359287262568,47.462181768168705,42.355430428207896,12.467951403120948
122.14954620533719,-18.266298035712044,47.813118893425695,3.172119042336406
52.068778729878495,22.753956723221112,44.86978654530212,9.651208810232909
175.53353610564344,41.685584066204505,79.69387598530503,18.95420293068386
144.52552472066515,4.7600528465665555,92.07756642307928,11.334785763137095
15.778804853488225,9.363741239463472,54.451668304359096,4.594617975378696
228.06879828658407,63.43525604234571,92.5157205432974,24.151506102940647
53.44108599172807,46.73433416839072,-21.531643083488234,14.2637611963549
235.37117908109357,27.65672208485972,17.12349685070314,19.046956412034717
54.5704965883139,12.87759549234524,19.482691349576562,8.099929100088778
102.52587684223252,34.22083300374578,92.40191094313064,14.61554272932926
319.69680609812815,9.404755678726119,31.51251277299475,19.74858132702214
158.9663559237283,18.935617464534907,79.60039908434914,14.145724680200212
33.63494486252746,25.814170044267797,43.8969424692372,9.062162291226503
115.23905934295115,40.33474164554605,94.83749795643413,15.255540002603375
79.39238095591818,6.6466441094387925,-6.458133838733296,7.856972942133737
113.70609658411738,34.58455976036401,44.53108696366919,12.66132295141632
94.82130079944909,32.108574578691986,1.016756017929687,14.323833453929883
143.39016378111432,6.6154336141106675,112.07050580260841,11.991070419461815
180.33850408185407,47.1127612628748,38.74822611170944,20.349932827854474
28.616006992093332,12.962360751689205,40.20588479564662,6.816771696649941
146.45496102881336,26.648500051776423,-2.2546271104819624,15.432668665450914
148.8309773463567,35.78191272977221,55.39996465753803,15.146409239457679
-14.421955238565985,12.262823175743007,26.30153183401737,6.73293171667428
156.50301704942274,7.596007129224585,57.47463791149341,10.545995087092066
-53.4517723740305,53.34946080181109,-12.326426610152218,9.808919143774627
87.49445347701945,15.25013698583003,49.786388162260636,10.265459271861884
145.1862740272663,47.273685553292665,47.848266450429854,19.656236754522595
111.07393587603475,11.614985034077602,-1.470268348779726,9.662218252481857
156.88861864568105,12.678221396573836,29.077285181144944,12.334120189952733
103.23011708257987,61.052822149763415,60.37916008547752,17.11699924581648
83.03628693830396,43.22334519161295,-10.24007214332508,14.392952338977272
35.30981857213918,15.489659057400774,-9.936835396047925,7.0317186176482895
235.17761711748827,41.8684448360843,40.991887322033215,21.61825883547855
96.54142919585723,18.088743971592926,24.694738773585602,11.837726010167767
117.64588264502284,11.559134748307144,24.206528125084606,11.197372231867957
130.08002379547264,9.932207106773241,35.383804749364806,12.017124772817564
-8.871112399132144,26.942373297417824,21.797282311174474,7.378978243516592
107.23352188990022,36.408041325899106,36.78853088321908,14.436280739328742
200.30400717518978,36.3624954224763,78.60682089787397,20.14412557388759
255.93526425077877,13.042417091201003,65.54336338831294,18.5122137722916
188.4819871254128,55.79501541013295,45.37798453949126,21.09190394662158
128.2822373377197,7.4010278332194055,47.58041588321895,9.72320054389325
63.63540701728674,26.67820498386666,50.921997982522235,10.557227544319773
154.3371637837513,28.889791548486503,28.831554410585873,14.243165872424012
49.31285079913499,45.931224658844855,95.93745330982944,13.59206715613679
42.431223779075715,81.21872427306646,77.76914404275907,21.71308421706491
80.78857824319596,16.496915545778236,-0.5593753089181988,9.936029788800747
132.01049367301192,34.45107871061789,15.350363542481844,17.69584504065328
119.82112195986596,15.208185715434153,41.15513609346797,12.135304386344426
158.1480276546345,43.66339399401936,76.70185944253683,17.689241073426032
263.7768136009721,59.2968877107504,72.01741730970375,24.743670173841746
191.06395384918576,24.505615159198573,62.01254308883733,14.975936917338391
58.29637152646417,16.951785700975073,29.484389405659982,10.470793087930073
23.326252040199947,-19.523457245432287,39.06737615764733,-1.834674124137888
41.24915777162732,34.54730806421251,18.38985554832505,13.164629482408975
32.55520972635149,43.81261393891309,78.3949088692464,12.782881487133649
312.3841827372333,13.904589287571776,50.84066834546573,21.097691129495672
-61.847825093304834,56.07720087316511,65.97520124883437,11.047843815435774
263.74311021998864,27.860508375836098,73.09129297350783,20.776147638859157
332.2270718017912,29.673137678539867,12.752000783149544,23.083061703197025
39.47830156536444,39.476695284522556,51.53731196025922,13.652023318801593
110.380482177748,16.81574509378331,29.02255790998132,10.63265744209602
173.13364668581613,47.06804446819932,42.09696402668356,18.858717690902278
46.35829409500365,25.42433979445552,85.83446120315566,11.1227007267711
33.58489721319377,38.15927571420807,89.21214517808423,10.993452948706379
0.6716398145427434,20.83961554322434,66.20564791523677,7.804597004041223
173.72367625802798,32.52872463109578,-48.124971524940236,18.106440483011028
124.37284630967336,3.101278778226657,-1.2199178855508492,10.157412579006053
129.0510475274557,49.629792274364426,45.16296454478215,17.52480605325399
108.63127332619882,39.821749237838524,-7.511905138534999,14.543072569030336
-75.74539936835228,42.833466185013755,26.65983358173824,7.6717135594072845
220.03628465208993,43.302452203702366,18.330781175946598,19.64350899968229
109.64506594431904,42.674134634766354,2.019174053058599,15.392048894912813
87.84579027708887,19.682066842593503,74.69653991730756,11.319385317691456
212.51838987768474,47.10625627216019,30.342940686224562,21.935871757393585
3.0963954701455947,18.753227418329686,53.216385865666986,7.903533241559761
64.48503499806228,32.7204706526738,-17.30033355610614,13.776733208077829
136.5820176570362,9.913532502118855,-16.288590145470863,11.17741678838689
132.38885908939727,31.939361543898613,16.68396499755765,13.098706975422054
81.74808034086787,-9.256149749027973,57.82321060298438,3.7747711679295515
0.9054281407380955,56.040006425933285,75.62134123120978,14.079868741958276
268.84223480849187,9.58999875996452,-16.604772061441288,16.775731442081316
215.22731662816778,21.673606958067825,74.7311686777488,17.309712440273533
41.72736057242139,-5.32554582239737,23.870484168116413,2.256917954210949
112.37468654818412,12.543400515505908,96.37925684283353,11.35696592394254
73.25972215035432,30.12696363551301,26.54026896879941,11.490481280158686
91.9924467868964,24.01476500303339,23.186652467060593,11.34177691765654
-21.71678033095678,20.71839876646501,23.913148316355727,5.256469576616977
98.9164106529858,58.76412992716399,48.417638687120125,17.574654745176524
57.918324378008705,60.286696796520545,54.53808963962868,15.23300442694639
-6.1119928695777475,5.424437052064654,64.08729879717228,2.8241305787626088
87.45892634270463,52.45559015477015,49.14572471237077,19.689985283892103
187.3158746562662,22.423428174499282,21.466367010015315,14.411879776402127
138.3311666125773,30.21386199964152,25.185055537527308,14.841046339180547
217.73774279263813,38.02786297794204,40.19076360694117,20.966192776758003
133.2926435930835,50.19755194431397,19.569001546502307,17.829131213643244
38.49605786634871,24.91480798051109,37.98334171569497,9.834314929532033
23.813565540466925,35.159070754333875,96.11482011005867,10.681371921527292
164.15917729348072,4.360604637714253,39.88442987688327,10.026984829618009
29.40487145763204,19.13897674547273,25.067935836628795,8.664637795993679
188.31798879251608,38.67452603793702,41.73701953944805,20.920094554396638
113.5813709820503,6.191984584497721,40.07531054700178,9.070104335628926
199.49033215359214,32.25467389887092,38.50783708544553,16.717330641090758
110.3215524816542,32.160004722184766,54.94009748054836,14.24103200478885
229.22920477152718,-5.792890586908843,49.608727931736,11.583458106553538
150.89716974103715,36.35755532826723,53.48464070440535,19.381831820717252
115.96095781288857,39.926108981995824,68.32491633704896,16.3430484677928
59.67902435536772,58.79167352067671,66.73007432399062,18.885239464444346
75.98006845600148,25.537100181923652,50.54975226610719,10.724430275648823
238.15341451208533,16.72943891855798,56.22439407408066,18.060564022747283
160.30508516195255,18.247993368950787,90.01775141225151,14.155223881809883
195.34335860531098,37.7090138421862,60.77904935363486,19.570026299064295
149.45959537111997,31.89835539300717,86.53584791617507,16.622000118224538
-4.8136262730087225,47.08498555916718,69.2112383745341,10.750672762958116
29.448698745980394,30.77659218423944,24.976449710564232,9.530534790769671
16.33679868471947,44.62938407259344,70.34386563120133,11.308376342752297
163.8540830776892,16.784481626295964,83.59400665582069,14.592153799582045
46.340998271797,23.43978022595376,23.08524562084333,10.405666018734625
-11.568854397902413,53.14292492288199,42.86402659603293,11.811908806930594
132.1001254645822,45.130458460197225,65.33792555238405,18.707532205398415
108.15878749335654,0.6602374854017476,22.94708758836939,10.504407596889518
53.81348696557554,23.83055515309654,34.654995952470784,10.589622678322696
72.55210204611852,30.385895102974146,37.195898349178776,11.40475461457029
251.93207449433902,36.96924230068682,16.202318619606395,21.165480175874187
63.40154706959983,14.653066470001589,36.572981609332544,7.86557396313092
63.61870829450667,5.700192565626054,49.303508960274485,6.930621894219542
204.42233949026758,-4.493409526461523,39.49567869454474,11.700706666058643
221.8724987650822,23.00838677038895,29.480390991554316,18.299243536167367
209.14400107356772,39.453222296001634,-0.8954137667797113,18.98770472208279
-35.93608002364218,47.84756879780248,18.36468382224601,9.65238863877928
86.46727914587899,54.37755213551026,68.86786972098042,18.354244739460878
-69.98687288846503,47.64213747466661,62.231156737008504,10.001916016769883
105.15587303746969,26.59028693200946,70.86553453151005,13.974756091986809
-7.700605295739194,24.466681305678573,89.59083892229549,7.0833990729121385
150.82645245852436,51.26097881366349,56.37928435618189,18.37952056790769
89.5722195852039,26.549797594943527,-32.140232619092856,11.69928125179064
163.8786243734574,40.0144761603513,74.35677034983865,19.35810738876986
156.4037076357578,43.64598908793633,57.211918254453636,17.491264351474726
6.358046030520171,48.68458118661492,24.140970266322995,14.468616162382705
231.16515883767508,33.50401834400589,57.60896271339415,21.092523668388047
140.30188586423887,43.05215027291446,44.198166387825644,17.424559787342695
176.05644147010636,18.190183242818758,32.15588673926772,16.27111477033703
1.254206968049914,35.137743435607575,44.70001300513834,10.680118922113369
32.95852461772594,0.6552840481637894,28.78914022459052,4.2635214132821675
104.1038872764461,3.568049867328014,-8.341150213998894,8.94815402982867
156.65818776940773,28.98455620860915,60.453374805475306,15.251095839815873
166.18391092936463,49.01722728615479,105.80785654395366,19.804527140975246
139.56871246019398,53.87755115000326,39.80336639090937,17.922157018456875
137.5157830216384,14.631530832431745,22.520517495146976,12.202103227115696
88.75703375728733,25.839293095460462,-1.7867300049019192,11.61031173435763
171.01474637099224,59.342380118066224,26.67201888643332,21.23291303820171
141.74971455822313,10.681600137471658,59.75876143041913,11.61054704840868
142.06079640101126,27.269989618877805,68.54991288262048,14.417688401610791
34.84545313116689,35.3247795907268,67.12179389406988,11.57413553458846
39.61902812033107,-9.25500712707716,32.96531693181382,1.4960829295964675
319.88183396672025,26.8031238051071,-1.8188808455224788,23.305321556526458
114.01350696839242,37.84429670403371,34.09908770501313,16.305820108505014
168.4517543461721,28.230283812808764,77.99947655984289,16.64237113439133
129.4629880278325,39.82131791080971,38.95676285665966,17.53543595469271
-23.191150921320485,34.66110773130934,-11.944176836614758,7.70685624108148
110.50795101883699,29.808682272428882,19.91392189667261,13.758094724587313
131.4557745562299,7.374640589847083,41.800336795403986,9.738619087301421
179.082843703045,49.20892727745993,48.36829423469859,19.603028808581602
93.8304781530184,39.13608214815781,103.56968010514397,15.35000582680272
176.54740433582037,13.760108547317751,56.47824765039774,13.037912326032233
181.5094701207385,31.338068579239675,29.704479329167434,17.608071142630923
-61.763858324497676,48.01451715368387,-11.883566914522262,8.287034364629683
124.45224782146666,40.795967091609356,34.47967683300969,17.884527626060745
85.74075625017281,35.422362808667586,96.01659404357724,16.413590185019636
156.05207725663726,27.608976981631173,42.26435227913278,15.764859270836935
44.353465074239054,-0.7504901741762637,84.27027059708823,4.729063054758512
126.0217554164362,27.62931854481236,5.40719222207516,13.73975258142226
121.3557573425314,39.35642945018635,35.0006278435545,16.08124041517963
214.66338314314095,-14.938861509391504,-6.7213600969449985,8.087365645047507
183.96353272725315,20.644289055542636,22.702404879831235,15.20205548620617
73.04611393889459,25.174104370182082,12.985227840159947,10.36339656223174
221.89582437434396,49.72825334736199,51.73231483168573,22.74380311901501
12.07827036447489,33.55503110979246,77.97750138626805,9.533502594879392
77.71066176240939,53.24030554715398,11.54398440712935,15.044510568590022
-32.713932777941096,18.992872791748518,69.19520564430728,5.196955921530767
328.43256308104435,17.869718551838176,72.75893897358057,20.294318997458035
1.2502501350609805,29.810008858921844,30.511123874817834,9.016502018341798
-2.1759978796323622,53.64015686044817,72.38404320840806,13.428629903352913
155.19893695110602,26.040580113640022,35.22991823546201,13.919814829493413
275.223999584857,13.27183876587517,11.224110242469798,15.955914716118178
125.61713219347826,29.682094390509516,71.309158206928,13.313524928418389
129.00275911027873,24.610488489210734,31.79574359302945,14.54638622674177
157.90174362874905,27.22379651889476,47.51842256807413,14.015644099735486
79.10633224583428,33.414397976696684,55.398443336253045,13.045597260018225
78.20094104135217,69.05842670530876,66.97407790479659,20.287905822276826
169.30720459970007,18.030484449316926,22.666114867083365,13.598123358331481
86.79999789377463,20.632264224114984,63.69727576610387,12.04155386637282
231.2814758053413,30.519047742581147,31.662674702495668,20.676069824201964
98.26450067125784,35.188514012225404,40.93026096359308,14.544361955320925
222.37834637416117,35.19853567461357,86.19414685309104,21.023474230142767
131.19761308830354,-0.6638737815234599,14.443058043985356,8.366297433333742
144.9284589832053,42.47888335984289,66.72984636952201,17.41362654540324
50.38230923054385,-8.36708635544053,20.970909229708823,3.6717365079780233
-101.7096613431105,40.95845898072568,41.45379973922666,7.204809993402282
201.5317076019299,28.567478941249675,56.158236554424924,18.30229893027886
27.922321185131963,16.305142984194703,26.842073881446055,7.1613334141580225
57.33222702912921,36.44940936319918,107.48723057893503,12.470473926889024
115.26422637415973,46.97322692681709,52.654904025640896,15.770746376034374
111.8344951769111,25.040073977395,-12.533307710597,11.628900551221454
211.9910805146822,8.282902643373475,21.762221865672178,14.803884743679157
152.36780576520863,-1.0308019713656407,23.22137543075964,10.435353626676816
147.39472930575232,16.703738718902223,21.929762531629358,12.645485493866458
93.44322689190435,28.18226995408275,42.800487565916185,11.495048102002832
185.62479886552205,43.736780983146275,84.7123652634798,19.746329271441937
149.93922272610507,19.512668486516333,93.81714104007719,13.831275062643112
148.65279276543185,46.966364416884424,2.3543518186154913,19.815396957365063
213.2410040914954,62.76567109327941,48.22508973495527,25.584329312384316
5.645308697362964,29.954356873953383,69.25561904570202,9.165018200809904
56.63915186977686,29.529635156646627,42.360707946806095,11.500520823605816
101.26753078707031,51.34019049661944,49.33016052380513,17.225183820953003
117.33183067771724,1.9193306731679733,10.203946791935955,9.959848112608109
244.2268379222251,4.972877622257318,25.21497417311615,14.966285195524515
58.23037825209294,18.23344909754081,36.57785333186424,8.42897259640391
-17.915538649404326,-17.320898347842896,58.59030123154867,-1.187858098300814
118.69417175722371,40.471153578974835,5.83547626006137,17.842403641845017
269.4373198439981,26.24925852258827,-11.358655270857867,19.7135646049677
46.879548769731436,34.52310877294335,20.14927587722387,12.449415583495465
30.86241374103122,32.85405322070601,77.33410082469774,10.373076966830435
116.04682577182372,48.11967023803662,40.45101861928314,17.219748915103683
104.2451650639168,47.26784766588179,66.1734180537737,17.533580371628712
90.62645438348277,5.7187628389382255,64.16417261855497,8.663487631148296
25.737132841893214,39.213491271088365,88.20408633580209,13.34682966085148
108.85717715345805,46.35090246102176,66.91021891934852,17.28328598145092
-39.294346813343765,12.061151968954537,70.43892179931049,2.989013390863505
139.20404702780633,39.76949484201193,-17.508921366199914,17.340594462623844
144.2944271513716,12.991078653481852,23.2925903827793,12.613829474416574
320.79156106708365,18.282849504280566,16.043104856132807,20.717168213647664
16.355663946589004,36.17657147637161,13.806142814204623,9.933892554114745
66.0516891101756,47.076328893238895,32.74499198278866,14.710837168763106
100.66438374558008,52.44828489955292,53.71769252074602,18.15566865232942
151.87471527571108,34.58160293720483,53.419678617583045,15.423485966048307
7.969755714041128,57.1156447260645,17.274905003103644,13.705400575228687
50.292210818609476,35.570484023650685,-23.425040417024874,11.997400354896346
-5.847877678996156,0.3620976186105125,89.79275216711255,3.2077768193826017
-54.817947212214364,38.29057029422767,50.05445758473102,8.39727021597345
129.75599641560984,38.96672448708855,47.97157493617035,14.662437533815805
208.05285670312603,43.66661587564615,17.51181278417709,21.907812094373107
122.75109341533684,38.613360008348415,56.22271688185391,14.988761529571065
117.25602774934828,18.962675788435217,70.62979099313391,13.238432876870796
-0.37463995499319935,40.7214726512678,83.28181995470956,10.67001631813833
132.94449830822916,44.39828785107947,62.39844330717433,17.855893172115223
291.1237424286244,48.88062082253493,37.42005434337783,25.161504005412002
109.50472015300089,62.90229663472965,78.04661733570461,20.42927324610014
195.40030570575078,20.681174884446758,39.092539100648175,15.202997995136174
128.21601979993147,10.907280179227747,4.18698145351604,10.966765092378687
54.71772385742348,21.410756223588624,24.96575959931638,9.094410828447545
161.534747520403,12.998544696651894,42.25439992799423,11.977967566731781
109.54904916761515,30.603333188883237,15.741132285320106,14.104544596004203
262.08515094762936,40.00074198477554,24.333402733387974,24.669605748084365
142.639984194354,14.80078367632119,44.96219855961129,11.523889484367231
162.6806874789633,34.46900054425471,69.82456858879164,18.115064860200214
209.69069404931122,23.513528318531474,10.104128779536765,17.690086066671597
91.57546535996906,14.418964374829358,72.22199411047794,9.349638450144504
62.56642997339384,25.72348932749304,58.76365872442486,10.263506719884226
27.167776266862134,1.836429143667246,33.0272028835997,5.402111628411048
11.42001340304249,9.036617161644777,17.290029966926465,7.080064299170893
227.86785409521337,57.50024555844089,13.994014631704815,25.039888063196468
40.003615898149626,4.527923450855475,-18.081942899373587,4.844123307244942
245.49719640346436,33.865277426285466,27.635085836151617,20.92325828469332
-125.59736028513257,12.71374197133578,24.808505300651184,0.6714620467417105
47.569282644302604,30.22502625278629,76.56732991214133,11.503939276768834
35.75211490945004,61.55481966701642,54.415213797850086,16.101263617638857
60.18871719770204,65.90593402242877,26.48136891680783,18.027564149754113
-32.31596760156222,35.37168944783401,-39.06817953004807,7.788151007614705
96.14814135080849,2.8011416908753723,46.651931901790036,8.987318631554494
201.95914071387674,46.629087136977006,47.11023945643668,21.730214158199608
156.30787503279697,41.89840483768618,86.39690872586607,17.37090900176364
74.03427778646804,44.17751030320535,-0.40091322275966945,14.378565877600579
280.1663584229442,7.312497506542801,36.94494091032713,16.892235129012086
50.98689433158971,46.31713144289303,63.379655362632086,13.394996239897988
128.27884667886386,45.52688813505356,14.676735147850287,17.096755358485986
-35.2744739098905,39.11494924460516,32.85302120025775,8.897715718566126
37.67140593103265,49.701847732422976,47.281267674760954,14.224980804984622
81.20920335836351,25.541399734962106,53.829472351562174,10.884385162527353
128.4218608252958,33.0466283488543,67.55259704615057,15.821935139432894
143.7898602114946,16.15825737121083,9.718019984652543,13.452745866577464
39.98662547510873,49.62439716618627,14.533651535282964,14.432236997899203
-9.304384407383225,35.32844347730634,6.347968948653076,8.571048566861233
136.9105533473073,41.43897707420185,71.9982449938777,18.72333651023871
148.8251116644323,21.68561421333095,46.82001166197173,12.297746007209009
227.32489392637632,24.11988947425939,-13.24895112108959,16.48275146758039
71.9222338401654,1.789978055460228,22.72690965914902,5.108851046465221
111.22728634430487,2.5327585351975337,25.12733267044923,8.339506435206411
-55.503927350527846,63.509879409402956,64.23520566991996,13.164139080090226
74.11052638407519,32.48851493750467,53.92968592456758,12.778815443322557
-19.836480010742804,14.818318317859145,-34.25520369215053,3.603414012035257
260.29248234337433,42.39521695715548,105.6666811886538,22.6662488094799
188.886082484424,13.235536732153664,29.530144224171394,15.959034119863977
174.30565393112013,69.68367860391156,11.214694408505274,22.77347559331251
200.31108953871774,51.24933139412204,29.493242812955952,22.554118495590156
232.48548510341962,45.708275219910874,68.6266379385818,21.223021374758122
52.927378338193265,19.438241509643206,35.64811944992592,9.044146702325492
-1.4811622060399827,20.283490081657625,47.70175323117233,9.21843713922697
69.86876473876907,33.09957613301909,38.25210797634097,12.593339077644256
33.341032799517464,29.676855622813335,61.17359667682926,10.404730297091234
-11.316251630107715,16.711091101295686,24.69939352664273,4.314476006943942
192.06088521335084,48.37816195752073,51.11582740786869,20.41636540590689
157.72850262867618,56.94519187367932,82.82016981570929,22.037234892826284
102.8299344962418,21.968221657829048,39.99459292871154,9.961776187372195
72.27603473934558,25.200340601744564,25.20954156072799,10.184464694252807
239.30102016672092,59.72999438987663,69.66925087752253,25.183145242815776
141.53380057313703,29.711942241311338,16.361492476823393,15.613304880980234
224.96145618156686,14.644521231976764,21.292458581092077,17.606896646550332
277.58958378524073,-0.7909651758666776,38.14242186425131,14.845141738457908
74.10449090628791,32.64922651059771,14.166191434702604,11.359182254760437
145.55665917801377,33.600150360647596,76.15870239895438,15.781458434082714
8.124579823788437,46.51010442125484,68.68181250464586,11.964247927319816
57.68392774526896,37.69711998574068,48.45173971580684,11.719019750498497
90.94447749498632,18.491940477935984,35.84584864249604,12.540837843436563
90.99080649118076,61.76041664423187,55.83230911899661,17.675255777709317
101.16710062976144,37.54742149479997,61.086857713044466,15.695730034374556
109.86034647634044,39.446577741322,16.27797444743999,17.175742845076478
51.55804666848528,20.59782301328863,12.660691889929215,7.923996159811829
85.1737072409687,48.21327665947008,21.40808727010569,15.44691027627727
208.86332454020567,42.91369657318027,75.24568443556802,18.631553507843773
45.93960467616864,35.22523454335616,32.64122257034731,12.994144926138281
65.82051802582447,11.57499973029056,26.64500002918742,7.706033456778267
31.672159541238912,13.905273835452162,57.05114675680771,6.722404102155329
174.66910421436785,26.516901172589826,37.910336413724025,18.625501030058743
86.33342970143266,55.9675657941081,35.8355138307555,17.89441060236468
73.24937359190642,39.29187951598582,73.53176369961785,14.21560979110936
55.039632560125476,32.04905477731904,29.053762860716837,10.564436524252226
152.99500633139147,49.647992557572245,30.11155522740912,18.118208185694282
145.15973013786834,22.961437079771905,0.6722051338434198,13.70492332869772
54.627802887516495,16.802044442889922,32.52062701089124,9.376355635407988
303.7592830641684,35.62392217007498,27.608944941909947,22.88626121521137
90.45256250599967,35.54823311028107,51.561256046314774,14.484943585471854
17.191383450094335,10.560129752494259,12.320657753520663,6.41392334987065
72.26044471377215,25.09970101211349,-0.06441401995229512,10.909173254954847
195.1808491593182,41.100300009082964,16.89947876312017,19.392972103092454
246.92757401826253,46.84326545682174,39.20773975020666,24.235057601775285
-36.205494558410436,3.3203075179503188,45.15370288518471,3.8360962655404216
204.1235429453763,15.013900898777207,71.84379196683656,15.240591639041766
207.42575436373988,3.719875079113063,109.80083462483907,13.212320984644625
190.84651819830663,27.4834222330207,9.362804415966949,17.07244968433203
125.35172389273913,51.863360010764,50.97922293421149,18.73900275609365
160.71420483921997,43.50962612015286,58.51006550322854,18.179750050003435
116.74397216256439,2.8171114714725256,74.31164114198202,9.341690876039825
142.5774070712048,34.5367199819661,62.04143471655705,17.048061695629194
57.85161437653001,25.411510862324157,72.99756796771854,11.628842796942156
159.19515817700807,42.507025738864996,-26.145955191211385,19.192658573031267
227.75799921374957,52.34842314774063,14.843359683877352,22.134321756710506
189.0557450530185,20.866108180332855,6.748916539632049,16.92751719957262
124.88038448001319,36.12475551073436,24.284428276676312,13.50513143144275
199.0145748571099,3.1484648372157054,43.28167191185166,13.826633639190504
164.14303140747543,-2.0286101488389185,108.87724408541467,11.658748058464566
175.15444230625022,37.49726992804942,10.095761258576502,17.848694276120977
114.42222214496695,49.72561395346114,26.891394686314438,18.064298282149622
170.3886238646096,75.37509828901723,-3.0483107853848708,24.166172728872915
52.067071058408686,23.84151163910551,40.921233987644804,8.974828030392702
223.80018613183643,19.471949806108682,24.95283540998615,16.941970021499067
222.84043833942803,10.095380172980843,16.922565919122867,14.720043417608569
116.94112852485273,34.380902079810625,54.27483797695348,17.149204541362522
125.48322057262699,23.44110155261017,48.096710550156715,14.57307365652164
53.81800019803627,36.78155537614301,18.186509516511396,11.13968468527256
-16.552274807132292,28.57342497484286,99.27147902343694,6.8471163574872165
98.66819111187743,18.645364300791698,-6.129254286641242,9.73193590283073
187.65357179588347,61.27070241059286,46.61442333298878,23.589035968524783
-20.737606633998638,28.795865673185723,31.890136151508393,6.523926860363394
33.18444946045007,41.89180073432169,49.3007120690727,11.701589632160514
-15.76489972637016,34.19601127263951,59.624330585436105,10.742252310098564
92.14018982073277,58.589709224296996,23.49259393006129,16.236283973006138
58.12008734652142,48.41137157785357,57.85974296144718,14.508687149842194
2.8212601895937865,16.19084756067707,25.039722969057177,5.068130865642791
195.5454152758656,41.97713402246304,18.141921692331987,20.165410859586572
87.36973151729268,13.456294714700995,64.22822481428784,11.384621775936981
12.106045317535006,67.43244982572875,63.1963709350708,16.090703985910633
-13.010162911657545,23.349019531133056,50.95844456970193,7.4976612374812275
-52.65459762600983,36.194564201850405,80.99207229846942,8.397107032655821
-71.85562646279706,18.171701286414013,22.524348627909145,3.1406481065620997
116.13765200105033,23.220731714588993,131.56147894810647,12.06055093684951
94.04008558859228,38.27366304328884,36.29941933814933,13.798758686857354
-9.402642436776091,31.554181066195504,34.26089302077408,9.115808693700092
163.53225755707052,35.37813521107293,33.07778070915494,16.603387759047717
149.36134233915732,30.860153700737463,48.866980692608436,17.53176902373354
270.39764841609434,2.2803515786560773,54.94821974821095,16.309850347999276
160.9809976893373,17.181564591517684,69.31438249675799,13.453050480350761
215.012998035622,31.88165826095812,19.70146890330579,18.64385840435122
-47.005450067039106,50.80835616996373,90.4159290769967,10.370192096548402
-72.1577400265042,29.277602301237536,20.80764792205737,4.933870716768103
186.42644463363624,20.031563795781477,12.994457983850157,17.108246634903974
118.828669659759,25.232998686654348,55.4221023805675,13.142774598153178
-38.35083649281947,24.743534937495287,1.0928887028912015,6.282712092715247
114.37060822313994,55.536533305363264,58.37812303147299,18.334217343137336
321.98364178458587,45.41580802977833,88.93157924958139,26.411139164581115
6.528765010070273,27.877900150562702,52.9811703059921,9.79011174185225
169.9024050457008,45.204061884251644,56.141647809966734,18.43473844562769
169.9792563144187,42.237134001855495,45.49578326773819,19.713858297264284
42.04416018441834,32.13665776722307,68.78178707193526,11.59951237329407
212.2590981658164,25.264547466290516,62.58133199554267,17.721947430492058
162.66380426995607,50.47820223167088,43.082483309584035,22.19008624474707
153.30863475624378,21.089132724914002,69.36993576934879,14.080838149258817
130.39222620609019,16.971597392823035,14.397277126296117,12.187213406688802
72.41077313512551,12.298931120357693,33.555778126576456,7.626837117054744
90.54939057163467,-5.081809848130906,26.409171848655145,5.715890027931108
205.89830172989122,31.192548287780077,15.693382330296576,18.133239659984397
50.69893423650385,21.18053220179508,89.68138867195546,9.238257667990368
120.8903574642659,-2.9909657541829624,57.16320124765232,8.508146271602387
56.39168836216881,40.73037299016358,39.02036968391728,14.850972482896601
59.36772764348503,27.46637501949091,36.776260635531166,11.214846075953789
111.07827762184633,9.454841741765016,30.72678827285717,10.59928490392292
207.32542731108384,17.88985544713286,34.00418999756806,16.53443796094518
13.950893808949104,55.42140123362951,35.423850017543074,15.220226452343756
24.972064667026302,27.480409838489194,52.63653554794508,9.955041008974035
55.12932026973346,11.677158559485342,6.290130420558228,7.349422907969256
325.78223488378586,53.73970773126846,77.07161922055293,28.931824489105395
187.96594035125096,23.865021877486335,41.831645300714804,14.430143434579271
195.10639730976078,27.803957601585736,49.59140859335492,17.432549157711435
80.20823113217786,11.093688362153252,71.71414198983476,9.08100962028331
92.57348747007273,40.004641527746955,66.57189412567189,13.048426691515044
7.432127233131368,1.204679125131797,76.42321245427092,3.9906645390045092
144.9744486787588,2.553892449896882,35.99957083742839,9.62020031825689
122.05790696442371,36.56519020954509,63.52657530188091,14.494886629790965
180.40429167259452,52.138623339775904,46.570884962897566,19.570384421076042
170.89908730054356,61.050766975496316,12.633538725607831,22.552617724625193
17.666941111742844,25.65718245963994,88.61268197821735,9.375292400395221
96.87683995821104,49.258941925316265,44.000429461228165,17.596187800412284
35.47477933766581,19.83010210729381,73.65237698224459,9.32048024600032
191.459151168384,16.98316211460742,25.139704012691617,15.230492001379286
-129.83470187897177,19.296674586167057,86.24596382585365,-0.22410310313979664
187.97755959219148,39.1638251825375,29.016594488923857,19.358639455545493
53.14999752200217,6.85259609066161,52.89176755376527,4.489338138786337
-3.3107417727580497,17.97440914181987,48.095054018900726,7.399048187329216
52.394337591807435,35.69309101407438,77.24801029220745,11.656748304690876
202.98017034299085,38.97460928368484,117.88125461443664,21.37229108982119
121.3902131829472,38.042082215373135,108.09388627973415,17.75319588166845
174.97395138958046,33.70756160446625,50.76216429333737,18.2218026707626
-43.65273361065667,24.713386805944037,102.03388531517695,7.0975277030142925
191.86892848554095,72.87894168670559,90.13592825853209,25.067067098091165
204.04013043921634,30.79488570651667,6.843332863295707,17.14414743382701
195.60543950965746,3.2782285024538638,28.04733229936577,9.613038841386908
128.78753893292452,-9.02080534453481,57.51668580966548,7.061176185883769
77.69469244413186,31.06063623022287,-3.761423074049766,11.216914323673693
58.575322544660814,-6.2121689833875955,10.710750658213762,2.969015500862123
13.612016548479147,40.81310931324666,84.68970602122184,11.28677394167504
223.96017299755735,35.94810112509058,47.73090310831487,20.92299718476413
113.31114560858519,28.025601603359103,57.68541007444045,11.501033486704104
-61.46517465347088,28.378393820959637,14.077485247497833,6.52359468764843
34.86737757069018,37.64805238326575,17.50403071887115,11.727489706951623
48.46729667486023,35.562420719315476,38.17459190752781,12.03765797320167
137.0590697049431,25.109115115659247,27.020299013027035,14.203315519586322
54.047300191236125,24.19885767386845,36.69183465686863,10.314169084093852
119.61317915784787,-15.579330100643556,12.358614979244091,5.678023416084223
109.89721681719394,13.073763804058148,59.857948398235436,9.883731361896453
153.08366206805908,48.54809827870227,28.36734321592258,18.773056034252665
104.61588633664817,44.43018733204654,68.87880380243044,16.238728807171082
101.8985657427111,17.17872116998474,70.09088910538328,12.172524254841175
89.39417288139987,56.146503070990306,76.7714305502146,18.444062571428905
-72.34891660093061,38.60103244654917,49.27879531517661,7.266371212866714
114.84745614654167,44.475375593231874,79.17451866051232,15.878451661134559
104.78971211596016,39.0590781729693,44.882843182922464,14.661861029863426
108.644659963907,47.0251111624612,32.69109027263062,17.804078109733034
-75.70462128331809,39.81376075743917,70.17241759350823,8.568503054531812
142.35465558505896,14.129011120144803,54.44953189265515,11.782629533166451
89.63452955023115,20.713931632835834,115.09637236457735,12.635794177115983
66.86148153637059,60.1736310496084,30.65675430999611,17.941620424495845
184.33335195170898,23.554691725012944,47.43928207910171,16.21591786981351
33.37859870338289,38.08177127915863,37.187409324006424,10.65725345311185
107.7026872144823,39.668318701525635,76.33849450236886,16.881943417607957
100.80090763034742,11.56283253666566,15.641354712239302,10.586108524770971
-36.84205836486683,17.189924132732067,47.49143311187833,4.455082505837248
63.06927221220484,50.18071981272581,29.055047494277225,15.453235808812678
49.13810517372594,40.244120088890035,42.555144482200014,14.148983775673853
286.55670267832284,23.18109105645603,34.90883213149406,18.896042360330334
130.49595969096808,30.41820308965526,55.328449348985025,12.89635600838295
159.09795689549625,42.388119379716265,-4.523965378084874,16.412444730871456
20.148124069811786,4.116816158506005,60.27088543427048,3.2549918851342268
176.9458556535031,35.9906668019656,42.449884099016955,19.054041738349888
217.7585331857934,42.02327028534707,42.67338892372706,19.968746095797353
229.05732248849975,65.59867084784432,6.780482420616707,26.444764155530645
72.63194971720992,74.9882615424897,36.150201481413745,20.763671265076294
175.50006879870637,29.435802444617508,44.593896880124,16.039905982302866
107.51463706940648,69.56917541298311,96.47153198496518,22.529948238338605
47.74582325170895,48.636076032545276,23.198033731466836,13.62110999331476
211.91295475454012,-2.4251506031994623,50.119017714625045,14.549918195482556
120.61892970823914,41.48006917038995,69.4882090059629,16.057203812035997
65.27638261695569,35.4923799194756,43.65563238275662,11.897805252054443
63.51268894943473,62.46778202651301,68.71226145285975,18.22518060679972
70.71392998733035,40.34604966907353,64.4091851217436,13.953355680437486
60.509905241496824,30.00157413648034,51.91548301477474,11.7187706446755
232.58037584006672,42.38395551372672,41.87673982797257,22.536543058384755
87.83506100914076,52.55831574809969,-12.075390979984455,16.941328777755206
-131.67096740839,51.22970808219337,41.96555462130918,6.976860560017398
207.6662748616733,26.27209561116094,34.37785950655852,18.490005507882536
128.4259211197556,38.821408238745946,3.0936184487178338,15.080472296617716
145.86188472182786,33.8651808453295,62.772542306931115,18.577443979990306
-18.345071513638914,44.423782938440326,91.21257313621558,10.32163862343379
210.19595343122407,17.897990092750273,7.654514121183958,14.336069806638546
-14.889121036713462,31.290713225065574,81.55663734921575,8.552313010771375
108.02778279294793,15.321467836179409,72.03226640525747,10.362762036401591
56.42507431036687,8.491528202364922,49.11987586561908,5.82820950689266
244.21369006677202,13.453624532440486,33.30545513217272,16.292040381749075
61.65858764872791,61.8624388455311,86.94865935885139,17.496899673059694
84.26155203325578,11.544982061372956,6.658177076224817,8.341923829374903
-21.891710144264522,22.924893047614514,-5.251687615924077,6.260795574118942
-41.88726787601462,16.74935080157187,62.665628556251775,3.0132402196108696
91.23918104491015,27.41954178413675,24.917296163068347,11.018375892176596
156.37978363206014,23.641637812317562,59.31952689348304,15.503259096693462
11.239422070128953,33.79201528000844,92.82902492894162,11.615940194333525
42.36985594267106,23.78640368338035,39.03389325551971,9.171756849360461
258.2809400450553,35.890123085066975,52.07516949419432,20.38824054721311
95.92298372882874,2.3212767565176584,68.61137614131535,7.517563955330093
62.304433140025075,50.95929912206221,50.56616607495073,18.461144317180338
86.08975960207691,4.958713550664857,77.8592452440447,7.288879246041427
242.85904871770717,6.287805777071476,97.4083368803822,15.652065956524494
151.8072601822052,8.05484468625384,8.66746041627649,11.988609415505426
17.440629931587964,39.52993169569814,93.99679716619355,10.343865900736928
134.1435463555015,40.083392579344405,-2.843463832412759,17.0483762163774
167.77222867294546,-0.7251467411981096,43.77304576976004,10.10586876198946
246.90638009122048,26.393180463455728,44.57499157921117,19.687508216727544
42.55812275960196,32.36898796985729,40.965101134688034,11.13414296916113
97.19875557857486,29.792065747486266,75.25208847472257,12.85457097994941
-21.1562118105509,13.12857565323432,2.462902482221203,5.022932405145037
84.69150388494005,39.49803566936674,95.50260331381969,15.397492419509746
-40.083249995459,30.572626071475025,108.29454466196519,6.657383358101178
129.98747219208505,-1.3952057459561367,54.57852700414766,9.26210646696026
1.5398426198036361,55.25699040980791,79.46901173843105,16.468768615914737
